URL,Entité,Type
https://www.nutritionniste-paris.com/2025/09/25/risque-creatine/,quels,LOC
https://www.nutritionniste-paris.com/2025/09/25/risque-creatine/,n’,PER
https://www.nutritionniste-paris.com/2025/09/25/risque-creatine/,créatinine sanguin,PER
https://www.nutritionniste-paris.com/2025/09/25/risque-creatine/,profils,LOC
https://www.nutritionniste-paris.com/2025/09/25/risque-creatine/,tableau,LOC
https://www.nutritionniste-paris.com/2025/09/25/risque-creatine/,utilisation,ORG
https://www.nutritionniste-paris.com/2025/09/25/risque-creatine/,diviser,ORG
https://www.nutritionniste-paris.com/2025/09/25/risque-creatine/,s’hydrater,PER
https://www.nutritionniste-paris.com/2025/09/25/risque-creatine/,crampes,LOC
https://www.nutritionniste-paris.com/2025/09/25/risque-creatine/,d’eau,ORG
https://www.nutritionniste-paris.com/2025/09/25/risque-creatine/,risque,ORG
https://www.nutritionniste-paris.com/2025/09/25/risque-creatine/,checklist,PER
https://www.nutritionniste-paris.com/2025/09/25/risque-creatine/,boire,PER
https://www.nutritionniste-paris.com/2025/09/25/risque-creatine/,collagène,PER
https://www.nutritionniste-paris.com/2025/09/25/risque-creatine/,découvrez,PER
https://www.topmuscu.fr/dernieres-etudes-sur-la-creatine-monohydrate-synthese-des-recherches-2024%E2%80%912025/,togglela,LOC
https://www.topmuscu.fr/dernieres-etudes-sur-la-creatine-monohydrate-synthese-des-recherches-2024%E2%80%912025/,atp,ORG
https://www.topmuscu.fr/dernieres-etudes-sur-la-creatine-monohydrate-synthese-des-recherches-2024%E2%80%912025/,generally recognized,PER
https://www.topmuscu.fr/dernieres-etudes-sur-la-creatine-monohydrate-synthese-des-recherches-2024%E2%80%912025/,safe,LOC
https://www.topmuscu.fr/dernieres-etudes-sur-la-creatine-monohydrate-synthese-des-recherches-2024%E2%80%912025/,n’,PER
https://www.topmuscu.fr/dernieres-etudes-sur-la-creatine-monohydrate-synthese-des-recherches-2024%E2%80%912025/,mécanismes,LOC
https://www.topmuscu.fr/dernieres-etudes-sur-la-creatine-monohydrate-synthese-des-recherches-2024%E2%80%912025/,pcr,ORG
https://www.topmuscu.fr/dernieres-etudes-sur-la-creatine-monohydrate-synthese-des-recherches-2024%E2%80%912025/,performance,LOC
https://www.topmuscu.fr/dernieres-etudes-sur-la-creatine-monohydrate-synthese-des-recherches-2024%E2%80%912025/,synthèse,LOC
https://www.topmuscu.fr/dernieres-etudes-sur-la-creatine-monohydrate-synthese-des-recherches-2024%E2%80%912025/,mdpi,ORG
https://www.topmuscu.fr/dernieres-etudes-sur-la-creatine-monohydrate-synthese-des-recherches-2024%E2%80%912025/,cognition,ORG
https://www.topmuscu.fr/dernieres-etudes-sur-la-creatine-monohydrate-synthese-des-recherches-2024%E2%80%912025/,créatine,LOC
https://www.topmuscu.fr/dernieres-etudes-sur-la-creatine-monohydrate-synthese-des-recherches-2024%E2%80%912025/,smd,ORG
https://www.topmuscu.fr/dernieres-etudes-sur-la-creatine-monohydrate-synthese-des-recherches-2024%E2%80%912025/,ph cérébral,PER
https://www.topmuscu.fr/dernieres-etudes-sur-la-creatine-monohydrate-synthese-des-recherches-2024%E2%80%912025/,dépression,LOC
https://www.topmuscu.fr/dernieres-etudes-sur-la-creatine-monohydrate-synthese-des-recherches-2024%E2%80%912025/,cbt,ORG
https://www.topmuscu.fr/dernieres-etudes-sur-la-creatine-monohydrate-synthese-des-recherches-2024%E2%80%912025/,alzheimer,PER
https://www.topmuscu.fr/dernieres-etudes-sur-la-creatine-monohydrate-synthese-des-recherches-2024%E2%80%912025/,irm,ORG
https://www.topmuscu.fr/dernieres-etudes-sur-la-creatine-monohydrate-synthese-des-recherches-2024%E2%80%912025/,santé,LOC
https://www.topmuscu.fr/dernieres-etudes-sur-la-creatine-monohydrate-synthese-des-recherches-2024%E2%80%912025/,jeun,LOC
https://www.topmuscu.fr/dernieres-etudes-sur-la-creatine-monohydrate-synthese-des-recherches-2024%E2%80%912025/,nk,ORG
https://www.topmuscu.fr/dernieres-etudes-sur-la-creatine-monohydrate-synthese-des-recherches-2024%E2%80%912025/,natural killer,PER
https://www.topmuscu.fr/dernieres-etudes-sur-la-creatine-monohydrate-synthese-des-recherches-2024%E2%80%912025/,dosage,LOC
https://www.topmuscu.fr/dernieres-etudes-sur-la-creatine-monohydrate-synthese-des-recherches-2024%E2%80%912025/,charge,PER
https://www.topmuscu.fr/dernieres-etudes-sur-la-creatine-monohydrate-synthese-des-recherches-2024%E2%80%912025/,qu’,LOC
https://www.topmuscu.fr/dernieres-etudes-sur-la-creatine-monohydrate-synthese-des-recherches-2024%E2%80%912025/,moment,PER
https://www.topmuscu.fr/dernieres-etudes-sur-la-creatine-monohydrate-synthese-des-recherches-2024%E2%80%912025/,sécurité,LOC
https://www.topmuscu.fr/dernieres-etudes-sur-la-creatine-monohydrate-synthese-des-recherches-2024%E2%80%912025/,dht,ORG
https://www.topmuscu.fr/dernieres-etudes-sur-la-creatine-monohydrate-synthese-des-recherches-2024%E2%80%912025/,comparatif des études récentes,ORG
https://www.topmuscu.fr/dernieres-etudes-sur-la-creatine-monohydrate-synthese-des-recherches-2024%E2%80%912025/,étude,LOC
https://www.topmuscu.fr/dernieres-etudes-sur-la-creatine-monohydrate-synthese-des-recherches-2024%E2%80%912025/,résultats,PER
https://www.topmuscu.fr/dernieres-etudes-sur-la-creatine-monohydrate-synthese-des-recherches-2024%E2%80%912025/,↑,PER
https://www.topmuscu.fr/dernieres-etudes-sur-la-creatine-monohydrate-synthese-des-recherches-2024%E2%80%912025/,pilot fmd,ORG
https://www.topmuscu.fr/dernieres-etudes-sur-la-creatine-monohydrate-synthese-des-recherches-2024%E2%80%912025/,conseils,LOC
https://www.topmuscu.fr/dernieres-etudes-sur-la-creatine-monohydrate-synthese-des-recherches-2024%E2%80%912025/,évaluer,PER
https://www.topmuscu.fr/dernieres-etudes-sur-la-creatine-monohydrate-synthese-des-recherches-2024%E2%80%912025/,les,LOC
https://www.topmuscu.fr/dernieres-etudes-sur-la-creatine-monohydrate-synthese-des-recherches-2024%E2%80%912025/,citrulline n’,PER
https://www.topmuscu.fr/dernieres-etudes-sur-la-creatine-monohydrate-synthese-des-recherches-2024%E2%80%912025/,boire,LOC
https://www.topmuscu.fr/dernieres-etudes-sur-la-creatine-monohydrate-synthese-des-recherches-2024%E2%80%912025/,découvrir,PER
https://www.passeportsante.net/fr/Solutions/PlantesSupplements/Fiche.aspx?doc=creatine_ps,créatine,LOC
https://www.passeportsante.net/fr/Solutions/PlantesSupplements/Fiche.aspx?doc=creatine_ps,définition,LOC
https://www.passeportsante.net/fr/Solutions/PlantesSupplements/Fiche.aspx?doc=creatine_ps,atp,ORG
https://www.passeportsante.net/fr/Solutions/PlantesSupplements/Fiche.aspx?doc=creatine_ps,a,LOC
https://www.passeportsante.net/fr/Solutions/PlantesSupplements/Fiche.aspx?doc=creatine_ps,améliorer,LOC
https://www.passeportsante.net/fr/Solutions/PlantesSupplements/Fiche.aspx?doc=creatine_ps,diminuer,PER
https://www.passeportsante.net/fr/Solutions/PlantesSupplements/Fiche.aspx?doc=creatine_ps,efficacité,LOC
https://www.passeportsante.net/fr/Solutions/PlantesSupplements/Fiche.aspx?doc=creatine_ps,études n’,PER
https://www.passeportsante.net/fr/Solutions/PlantesSupplements/Fiche.aspx?doc=creatine_ps,d’,LOC
https://www.passeportsante.net/fr/Solutions/PlantesSupplements/Fiche.aspx?doc=creatine_ps,n’,PER
https://www.passeportsante.net/fr/Solutions/PlantesSupplements/Fiche.aspx?doc=creatine_ps,efsa,ORG
https://www.passeportsante.net/fr/Solutions/PlantesSupplements/Fiche.aspx?doc=creatine_ps,consultez,LOC
https://www.passeportsante.net/fr/Solutions/PlantesSupplements/Fiche.aspx?doc=creatine_ps,qu’,LOC
https://www.passeportsante.net/fr/Solutions/PlantesSupplements/Fiche.aspx?doc=creatine_ps,s’,LOC
https://www.passeportsante.net/fr/Solutions/PlantesSupplements/Fiche.aspx?doc=creatine_ps,jusqu’,LOC
https://www.passeportsante.net/fr/Solutions/PlantesSupplements/Fiche.aspx?doc=creatine_ps,insuffisance,LOC
https://www.passeportsante.net/fr/Solutions/PlantesSupplements/Fiche.aspx?doc=creatine_ps,atrophie,PER
https://www.passeportsante.net/fr/Solutions/PlantesSupplements/Fiche.aspx?doc=creatine_ps,lou gehrig,PER
https://www.passeportsante.net/fr/Solutions/PlantesSupplements/Fiche.aspx?doc=creatine_ps,v,PER
https://www.passeportsante.net/fr/Solutions/PlantesSupplements/Fiche.aspx?doc=creatine_ps,huntington,LOC
https://www.passeportsante.net/fr/Solutions/PlantesSupplements/Fiche.aspx?doc=creatine_ps,charcot,PER
https://www.passeportsante.net/fr/Solutions/PlantesSupplements/Fiche.aspx?doc=creatine_ps,parkinson,PER
https://www.passeportsante.net/fr/Solutions/PlantesSupplements/Fiche.aspx?doc=creatine_ps,sports,LOC
https://www.passeportsante.net/fr/Solutions/PlantesSupplements/Fiche.aspx?doc=creatine_ps,kre-alkalyn,LOC
https://www.passeportsante.net/fr/Solutions/PlantesSupplements/Fiche.aspx?doc=creatine_ps,créatine ethyl ester,ORG
https://www.passeportsante.net/fr/Solutions/PlantesSupplements/Fiche.aspx?doc=creatine_ps,cee,ORG
https://www.passeportsante.net/fr/Solutions/PlantesSupplements/Fiche.aspx?doc=creatine_ps,portmans & al,ORG
https://www.passeportsante.net/fr/Solutions/PlantesSupplements/Fiche.aspx?doc=creatine_ps,effets indésirables,ORG
https://www.passeportsante.net/fr/Solutions/PlantesSupplements/Fiche.aspx?doc=creatine_ps,interactions,ORG
https://www.passeportsante.net/fr/Solutions/PlantesSupplements/Fiche.aspx?doc=creatine_ps,éphédra49,ORG
https://www.passeportsante.net/fr/Solutions/PlantesSupplements/Fiche.aspx?doc=creatine_ps,consumerlab,ORG
https://www.passeportsante.net/fr/Solutions/PlantesSupplements/Fiche.aspx?doc=creatine_ps,états-unis,LOC
https://www.passeportsante.net/fr/Solutions/PlantesSupplements/Fiche.aspx?doc=creatine_ps,michel chevreul,PER
https://www.passeportsante.net/fr/Solutions/PlantesSupplements/Fiche.aspx?doc=creatine_ps,comité international olympique,ORG
https://www.passeportsante.net/fr/Solutions/PlantesSupplements/Fiche.aspx?doc=creatine_ps,nathalie faggianelli,PER
https://www.passeportsante.net/fr/Solutions/PlantesSupplements/Fiche.aspx?doc=creatine_ps,docteur,LOC
https://www.passeportsante.net/fr/Solutions/PlantesSupplements/Fiche.aspx?doc=creatine_ps,"références
note",PER
https://www.passeportsante.net/fr/Solutions/PlantesSupplements/Fiche.aspx?doc=creatine_ps,veuillez,PER
https://www.passeportsante.net/fr/Solutions/PlantesSupplements/Fiche.aspx?doc=creatine_ps,bibliographie,ORG
https://www.passeportsante.net/fr/Solutions/PlantesSupplements/Fiche.aspx?doc=creatine_ps,avis,ORG
https://www.passeportsante.net/fr/Solutions/PlantesSupplements/Fiche.aspx?doc=creatine_ps,anses,ORG
https://www.passeportsante.net/fr/Solutions/PlantesSupplements/Fiche.aspx?doc=creatine_ps,l’,LOC
https://www.passeportsante.net/fr/Solutions/PlantesSupplements/Fiche.aspx?doc=creatine_ps,agence française de sécurité sanitaire des aliments,ORG
https://www.passeportsante.net/fr/Solutions/PlantesSupplements/Fiche.aspx?doc=creatine_ps,rapporteur,PER
https://www.passeportsante.net/fr/Solutions/PlantesSupplements/Fiche.aspx?doc=creatine_ps,docteur gilbert pérès,PER
https://www.passeportsante.net/fr/Solutions/PlantesSupplements/Fiche.aspx?doc=creatine_ps,product review,ORG
https://www.passeportsante.net/fr/Solutions/PlantesSupplements/Fiche.aspx?doc=creatine_ps,muscular enhancement supplements,PER
https://www.passeportsante.net/fr/Solutions/PlantesSupplements/Fiche.aspx?doc=creatine_ps,creatine,PER
https://www.passeportsante.net/fr/Solutions/PlantesSupplements/Fiche.aspx?doc=creatine_ps,consulté,PER
https://www.passeportsante.net/fr/Solutions/PlantesSupplements/Fiche.aspx?doc=creatine_ps,centre,LOC
https://www.passeportsante.net/fr/Solutions/PlantesSupplements/Fiche.aspx?doc=creatine_ps,bulletin d'information toxicologique,PER
https://www.passeportsante.net/fr/Solutions/PlantesSupplements/Fiche.aspx?doc=creatine_ps,"www.ctq.qc.ca
national library of medicine",ORG
https://www.passeportsante.net/fr/Solutions/PlantesSupplements/Fiche.aspx?doc=creatine_ps,ed,ORG
https://www.passeportsante.net/fr/Solutions/PlantesSupplements/Fiche.aspx?doc=creatine_ps,www.ncbi.nlm.nih.gov,ORG
https://www.passeportsante.net/fr/Solutions/PlantesSupplements/Fiche.aspx?doc=creatine_ps,natural standard,PER
https://www.passeportsante.net/fr/Solutions/PlantesSupplements/Fiche.aspx?doc=creatine_ps,herbs & supplements,ORG
https://www.passeportsante.net/fr/Solutions/PlantesSupplements/Fiche.aspx?doc=creatine_ps,therapeutic research faculty,ORG
https://www.passeportsante.net/fr/Solutions/PlantesSupplements/Fiche.aspx?doc=creatine_ps,natural medicines,ORG
https://www.passeportsante.net/fr/Solutions/PlantesSupplements/Fiche.aspx?doc=creatine_ps,jagim ar,PER
https://www.passeportsante.net/fr/Solutions/PlantesSupplements/Fiche.aspx?doc=creatine_ps,al,ORG
https://www.passeportsante.net/fr/Solutions/PlantesSupplements/Fiche.aspx?doc=creatine_ps,journal of the international,ORG
https://www.passeportsante.net/fr/Solutions/PlantesSupplements/Fiche.aspx?doc=creatine_ps,annual international society of sports,ORG
https://www.passeportsante.net/fr/Solutions/PlantesSupplements/Fiche.aspx?doc=creatine_ps,fl,LOC
https://www.passeportsante.net/fr/Solutions/PlantesSupplements/Fiche.aspx?doc=creatine_ps,galvan e.,PER
https://www.passeportsante.net/fr/Solutions/PlantesSupplements/Fiche.aspx?doc=creatine_ps,rawson es,PER
https://www.passeportsante.net/fr/Solutions/PlantesSupplements/Fiche.aspx?doc=creatine_ps,nissen sl,PER
https://www.passeportsante.net/fr/Solutions/PlantesSupplements/Fiche.aspx?doc=creatine_ps,sharp rl,ORG
https://www.passeportsante.net/fr/Solutions/PlantesSupplements/Fiche.aspx?doc=creatine_ps,effect of dietary supplements on lean mass and strength gains with,ORG
https://www.passeportsante.net/fr/Solutions/PlantesSupplements/Fiche.aspx?doc=creatine_ps,dempsey rl,PER
https://www.passeportsante.net/fr/Solutions/PlantesSupplements/Fiche.aspx?doc=creatine_ps,does,LOC
https://www.passeportsante.net/fr/Solutions/PlantesSupplements/Fiche.aspx?doc=creatine_ps,casey a,PER
https://www.passeportsante.net/fr/Solutions/PlantesSupplements/Fiche.aspx?doc=creatine_ps,greenhaff pl,PER
https://www.passeportsante.net/fr/Solutions/PlantesSupplements/Fiche.aspx?doc=creatine_ps,j clin nutr,ORG
https://www.passeportsante.net/fr/Solutions/PlantesSupplements/Fiche.aspx?doc=creatine_ps,review,ORG
https://www.passeportsante.net/fr/Solutions/PlantesSupplements/Fiche.aspx?doc=creatine_ps,terjung rl,ORG
https://www.passeportsante.net/fr/Solutions/PlantesSupplements/Fiche.aspx?doc=creatine_ps,clarkson p,PER
https://www.passeportsante.net/fr/Solutions/PlantesSupplements/Fiche.aspx?doc=creatine_ps,college of sports,ORG
https://www.passeportsante.net/fr/Solutions/PlantesSupplements/Fiche.aspx?doc=creatine_ps,med sci sports exerc,PER
https://www.passeportsante.net/fr/Solutions/PlantesSupplements/Fiche.aspx?doc=creatine_ps,bemben mg,PER
https://www.passeportsante.net/fr/Solutions/PlantesSupplements/Fiche.aspx?doc=creatine_ps,lamont hs,PER
https://www.passeportsante.net/fr/Solutions/PlantesSupplements/Fiche.aspx?doc=creatine_ps,creatine supplementation and exercise,ORG
https://www.passeportsante.net/fr/Solutions/PlantesSupplements/Fiche.aspx?doc=creatine_ps,brose a,PER
https://www.passeportsante.net/fr/Solutions/PlantesSupplements/Fiche.aspx?doc=creatine_ps,parise g,PER
https://www.passeportsante.net/fr/Solutions/PlantesSupplements/Fiche.aspx?doc=creatine_ps,j gerontol a biol sci med sci,PER
https://www.passeportsante.net/fr/Solutions/PlantesSupplements/Fiche.aspx?doc=creatine_ps,jan;58(1):11-9,LOC
https://www.passeportsante.net/fr/Solutions/PlantesSupplements/Fiche.aspx?doc=creatine_ps,chrusch mj,PER
https://www.passeportsante.net/fr/Solutions/PlantesSupplements/Fiche.aspx?doc=creatine_ps,chilibeck pd,PER
https://www.passeportsante.net/fr/Solutions/PlantesSupplements/Fiche.aspx?doc=creatine_ps,bermon s,PER
https://www.passeportsante.net/fr/Solutions/PlantesSupplements/Fiche.aspx?doc=creatine_ps,effects of oral creatine supplementation on maximal,ORG
https://www.passeportsante.net/fr/Solutions/PlantesSupplements/Fiche.aspx?doc=creatine_ps,eur j,PER
https://www.passeportsante.net/fr/Solutions/PlantesSupplements/Fiche.aspx?doc=creatine_ps,stout jr,PER
https://www.passeportsante.net/fr/Solutions/PlantesSupplements/Fiche.aspx?doc=creatine_ps,sue graves,PER
https://www.passeportsante.net/fr/Solutions/PlantesSupplements/Fiche.aspx?doc=creatine_ps,64 - 86 years,LOC
https://www.passeportsante.net/fr/Solutions/PlantesSupplements/Fiche.aspx?doc=creatine_ps,kraemer wj,LOC
https://www.passeportsante.net/fr/Solutions/PlantesSupplements/Fiche.aspx?doc=creatine_ps,cañete s,PER
https://www.passeportsante.net/fr/Solutions/PlantesSupplements/Fiche.aspx?doc=creatine_ps,san juan af,LOC
https://www.passeportsante.net/fr/Solutions/PlantesSupplements/Fiche.aspx?doc=creatine_ps,jakobi jm,PER
https://www.passeportsante.net/fr/Solutions/PlantesSupplements/Fiche.aspx?doc=creatine_ps,neuromuscular,LOC
https://www.passeportsante.net/fr/Solutions/PlantesSupplements/Fiche.aspx?doc=creatine_ps,clarkson pm,PER
https://www.passeportsante.net/fr/Solutions/PlantesSupplements/Fiche.aspx?doc=creatine_ps,int j sports med,ORG
https://www.passeportsante.net/fr/Solutions/PlantesSupplements/Fiche.aspx?doc=creatine_ps,wehnert ml,PER
https://www.passeportsante.net/fr/Solutions/PlantesSupplements/Fiche.aspx?doc=creatine_ps,physiol,PER
https://www.passeportsante.net/fr/Solutions/PlantesSupplements/Fiche.aspx?doc=creatine_ps,venembre p,PER
https://www.passeportsante.net/fr/Solutions/PlantesSupplements/Fiche.aspx?doc=creatine_ps,acta physiol scand,ORG
https://www.passeportsante.net/fr/Solutions/PlantesSupplements/Fiche.aspx?doc=creatine_ps,van leemputte m,PER
https://www.passeportsante.net/fr/Solutions/PlantesSupplements/Fiche.aspx?doc=creatine_ps,bemben da,ORG
https://www.passeportsante.net/fr/Solutions/PlantesSupplements/Fiche.aspx?doc=creatine_ps,j geriatr phys ther,PER
https://www.passeportsante.net/fr/Solutions/PlantesSupplements/Fiche.aspx?doc=creatine_ps,candow dg,PER
https://www.passeportsante.net/fr/Solutions/PlantesSupplements/Fiche.aspx?doc=creatine_ps,nutr metab,PER
https://www.passeportsante.net/fr/Solutions/PlantesSupplements/Fiche.aspx?doc=creatine_ps,tarnopolsky m,PER
https://www.passeportsante.net/fr/Solutions/PlantesSupplements/Fiche.aspx?doc=creatine_ps,linoleic acid improve strength,PER
https://www.passeportsante.net/fr/Solutions/PlantesSupplements/Fiche.aspx?doc=creatine_ps,branch jd,PER
https://www.passeportsante.net/fr/Solutions/PlantesSupplements/Fiche.aspx?doc=creatine_ps,effect of creatine supplementation on body composition and performance,ORG
https://www.passeportsante.net/fr/Solutions/PlantesSupplements/Fiche.aspx?doc=creatine_ps,int j sport,PER
https://www.passeportsante.net/fr/Solutions/PlantesSupplements/Fiche.aspx?doc=creatine_ps,exerc metab,PER
https://www.passeportsante.net/fr/Solutions/PlantesSupplements/Fiche.aspx?doc=creatine_ps,jun;13(2):198-226,PER
https://www.passeportsante.net/fr/Solutions/PlantesSupplements/Fiche.aspx?doc=creatine_ps,burke dg,PER
https://www.passeportsante.net/fr/Solutions/PlantesSupplements/Fiche.aspx?doc=creatine_ps,effect of creatine supplementation and resistance-exercise training on muscle insulin,ORG
https://www.passeportsante.net/fr/Solutions/PlantesSupplements/Fiche.aspx?doc=creatine_ps,aug;18(4):389-,PER
https://www.passeportsante.net/fr/Solutions/PlantesSupplements/Fiche.aspx?doc=creatine_ps,kutz mr,PER
https://www.passeportsante.net/fr/Solutions/PlantesSupplements/Fiche.aspx?doc=creatine_ps,gunter mj,PER
https://www.passeportsante.net/fr/Solutions/PlantesSupplements/Fiche.aspx?doc=creatine_ps,kambis kw,PER
https://www.passeportsante.net/fr/Solutions/PlantesSupplements/Fiche.aspx?doc=creatine_ps,pizzedaz sk,ORG
https://www.passeportsante.net/fr/Solutions/PlantesSupplements/Fiche.aspx?doc=creatine_ps,short-term,LOC
https://www.passeportsante.net/fr/Solutions/PlantesSupplements/Fiche.aspx?doc=creatine_ps,eckerson jm,ORG
https://www.passeportsante.net/fr/Solutions/PlantesSupplements/Fiche.aspx?doc=creatine_ps,effect of two and five days of creatine,ORG
https://www.passeportsante.net/fr/Solutions/PlantesSupplements/Fiche.aspx?doc=creatine_ps,balsom pd,PER
https://www.passeportsante.net/fr/Solutions/PlantesSupplements/Fiche.aspx?doc=creatine_ps,harridge,LOC
https://www.passeportsante.net/fr/Solutions/PlantesSupplements/Fiche.aspx?doc=creatine_ps,mark a. jenkins,PER
https://www.passeportsante.net/fr/Solutions/PlantesSupplements/Fiche.aspx?doc=creatine_ps,md,LOC
https://www.passeportsante.net/fr/Solutions/PlantesSupplements/Fiche.aspx?doc=creatine_ps,engelhardt m,PER
https://www.passeportsante.net/fr/Solutions/PlantesSupplements/Fiche.aspx?doc=creatine_ps,neumann g,PER
https://www.passeportsante.net/fr/Solutions/PlantesSupplements/Fiche.aspx?doc=creatine_ps,izquierdo m,PER
https://www.passeportsante.net/fr/Solutions/PlantesSupplements/Fiche.aspx?doc=creatine_ps,ibanez j,PER
https://www.passeportsante.net/fr/Solutions/PlantesSupplements/Fiche.aspx?doc=creatine_ps,2002 feb;34(2):332,PER
https://www.passeportsante.net/fr/Solutions/PlantesSupplements/Fiche.aspx?doc=creatine_ps,van loon lj,PER
https://www.passeportsante.net/fr/Solutions/PlantesSupplements/Fiche.aspx?doc=creatine_ps,oosterlaar am,PER
https://www.passeportsante.net/fr/Solutions/PlantesSupplements/Fiche.aspx?doc=creatine_ps,clin sci,PER
https://www.passeportsante.net/fr/Solutions/PlantesSupplements/Fiche.aspx?doc=creatine_ps,lond,LOC
https://www.passeportsante.net/fr/Solutions/PlantesSupplements/Fiche.aspx?doc=creatine_ps,andrews r,PER
https://www.passeportsante.net/fr/Solutions/PlantesSupplements/Fiche.aspx?doc=creatine_ps,greenhaff p,PER
https://www.passeportsante.net/fr/Solutions/PlantesSupplements/Fiche.aspx?doc=creatine_ps,the effect of dietary,ORG
https://www.passeportsante.net/fr/Solutions/PlantesSupplements/Fiche.aspx?doc=creatine_ps,gordon a,PER
https://www.passeportsante.net/fr/Solutions/PlantesSupplements/Fiche.aspx?doc=creatine_ps,hultman e,LOC
https://www.passeportsante.net/fr/Solutions/PlantesSupplements/Fiche.aspx?doc=creatine_ps,kley ra,LOC
https://www.passeportsante.net/fr/Solutions/PlantesSupplements/Fiche.aspx?doc=creatine_ps,cochrane database,PER
https://www.passeportsante.net/fr/Solutions/PlantesSupplements/Fiche.aspx?doc=creatine_ps,jan 24;(1):cd004760,PER
https://www.passeportsante.net/fr/Solutions/PlantesSupplements/Fiche.aspx?doc=creatine_ps,tarnopolsky ma,PER
https://www.passeportsante.net/fr/Solutions/PlantesSupplements/Fiche.aspx?doc=creatine_ps,vorgerd m. creatine,PER
https://www.passeportsante.net/fr/Solutions/PlantesSupplements/Fiche.aspx?doc=creatine_ps,neurosurg psychiatry,PER
https://www.passeportsante.net/fr/Solutions/PlantesSupplements/Fiche.aspx?doc=creatine_ps,de angelis l.,LOC
https://www.passeportsante.net/fr/Solutions/PlantesSupplements/Fiche.aspx?doc=creatine_ps,phys fitness,PER
https://www.passeportsante.net/fr/Solutions/PlantesSupplements/Fiche.aspx?doc=creatine_ps,2004 dec;44(4):411,LOC
https://www.passeportsante.net/fr/Solutions/PlantesSupplements/Fiche.aspx?doc=creatine_ps,pline ka,PER
https://www.passeportsante.net/fr/Solutions/PlantesSupplements/Fiche.aspx?doc=creatine_ps,ann pharmacother,PER
https://www.passeportsante.net/fr/Solutions/PlantesSupplements/Fiche.aspx?doc=creatine_ps,kreider rb,PER
https://www.passeportsante.net/fr/Solutions/PlantesSupplements/Fiche.aspx?doc=creatine_ps,melton c,PER
https://www.passeportsante.net/fr/Solutions/PlantesSupplements/Fiche.aspx?doc=creatine_ps,cancela p,PER
https://www.passeportsante.net/fr/Solutions/PlantesSupplements/Fiche.aspx?doc=creatine_ps,creatine supplementation does not,ORG
https://www.passeportsante.net/fr/Solutions/PlantesSupplements/Fiche.aspx?doc=creatine_ps,br j sports med,PER
https://www.passeportsante.net/fr/Solutions/PlantesSupplements/Fiche.aspx?doc=creatine_ps,curr,LOC
https://www.passeportsante.net/fr/Solutions/PlantesSupplements/Fiche.aspx?doc=creatine_ps,opin pediatr,PER
https://www.passeportsante.net/fr/Solutions/PlantesSupplements/Fiche.aspx?doc=creatine_ps,oct;17(5):653-7,LOC
https://www.passeportsante.net/fr/Solutions/PlantesSupplements/Fiche.aspx?doc=creatine_ps,patel dr,LOC
https://www.passeportsante.net/fr/Solutions/PlantesSupplements/Fiche.aspx?doc=creatine_ps,greydanus de,PER
https://www.passeportsante.net/fr/Solutions/PlantesSupplements/Fiche.aspx?doc=creatine_ps,kidneys and sports,ORG
https://www.passeportsante.net/fr/Solutions/PlantesSupplements/Fiche.aspx?doc=creatine_ps,adolesc med clin,PER
https://www.passeportsante.net/fr/Solutions/PlantesSupplements/Fiche.aspx?doc=creatine_ps,xi,ORG
https://www.passeportsante.net/fr/Solutions/PlantesSupplements/Fiche.aspx?doc=creatine_ps,yoshizumi wm,PER
https://www.passeportsante.net/fr/Solutions/PlantesSupplements/Fiche.aspx?doc=creatine_ps,tsourounis c. effects of creatine supplementation,PER
https://www.passeportsante.net/fr/Solutions/PlantesSupplements/Fiche.aspx?doc=creatine_ps,herb pharmacother,PER
https://www.passeportsante.net/fr/Solutions/PlantesSupplements/Fiche.aspx?doc=creatine_ps,review.53,LOC
https://www.passeportsante.net/fr/Solutions/PlantesSupplements/Fiche.aspx?doc=creatine_ps,lyse lefebvre,LOC
https://www.passeportsante.net/fr/Solutions/PlantesSupplements/Fiche.aspx?doc=creatine_ps,www.ctq.qc.ca,LOC
https://www.passeportsante.net/fr/Solutions/PlantesSupplements/Fiche.aspx?doc=creatine_ps,mazzetti sa,PER
https://www.passeportsante.net/fr/Solutions/PlantesSupplements/Fiche.aspx?doc=creatine_ps,wright ga,PER
https://www.passeportsante.net/fr/Solutions/PlantesSupplements/Fiche.aspx?doc=creatine_ps,grandjean pw,PER
https://www.passeportsante.net/fr/Solutions/PlantesSupplements/Fiche.aspx?doc=creatine_ps,the effects of creatine,ORG
https://www.passeportsante.net/fr/Solutions/PlantesSupplements/Fiche.aspx?doc=creatine_ps,mayo clin proc,PER
https://www.passeportsante.net/fr/Solutions/PlantesSupplements/Fiche.aspx?doc=creatine_ps,jan;81(1):133,LOC
https://www.passeportsante.net/fr/Solutions/PlantesSupplements/Fiche.aspx?doc=creatine_ps,haller ca,PER
https://www.passeportsante.net/fr/Solutions/PlantesSupplements/Fiche.aspx?doc=creatine_ps,meier kh,PER
https://www.passeportsante.net/fr/Solutions/PlantesSupplements/Fiche.aspx?doc=creatine_ps,clin toxicol,PER
https://www.passeportsante.net/fr/Solutions/PlantesSupplements/Fiche.aspx?doc=creatine_ps,phila,LOC
https://www.passeportsante.net/fr/Solutions/PlantesSupplements/Fiche.aspx?doc=creatine_ps,sheth np,PER
https://www.passeportsante.net/fr/Solutions/PlantesSupplements/Fiche.aspx?doc=creatine_ps,rhabdomyolysis and,ORG
https://www.passeportsante.net/fr/Solutions/PlantesSupplements/Fiche.aspx?doc=creatine_ps,nephrol,LOC
https://www.passeportsante.net/fr/Solutions/PlantesSupplements/Fiche.aspx?doc=creatine_ps,vandenberghe k,PER
https://www.passeportsante.net/fr/Solutions/PlantesSupplements/Fiche.aspx?doc=creatine_ps,gillis n,PER
https://www.passeportsante.net/fr/Solutions/PlantesSupplements/Fiche.aspx?doc=creatine_ps,caffeine counteracts,ORG
https://www.passeportsante.net/fr/Solutions/PlantesSupplements/Fiche.aspx?doc=creatine_ps,ergogenic action of,ORG
https://www.passeportsante.net/fr/Solutions/PlantesSupplements/Fiche.aspx?doc=creatine_ps,vahedi k,PER
https://www.passeportsante.net/fr/Solutions/PlantesSupplements/Fiche.aspx?doc=creatine_ps,ischemic stroke,ORG
https://www.passeportsante.net/fr/Solutions/PlantesSupplements/Fiche.aspx?doc=creatine_ps,mahuang extract and creatine,ORG
https://www.passeportsante.net/fr/Solutions/PlantesSupplements/Fiche.aspx?doc=creatine_ps,neurosurg psychiatr,PER
https://www.passeportsante.net/fr/Solutions/PlantesSupplements/Fiche.aspx?doc=creatine_ps,synthesis,PER
https://www.passeportsante.net/fr/Solutions/PlantesSupplements/Fiche.aspx?doc=creatine_ps,chemistry,PER
https://www.passeportsante.net/fr/Solutions/PlantesSupplements/Fiche.aspx?doc=creatine_ps,pischel i,PER
https://www.passeportsante.net/fr/Solutions/PlantesSupplements/Fiche.aspx?doc=creatine_ps,gastner t. subcell biochem,PER
https://www.passeportsante.net/fr/Solutions/PlantesSupplements/Fiche.aspx?doc=creatine_ps,soderland k,LOC
https://www.passeportsante.net/fr/Solutions/PlantesSupplements/Fiche.aspx?doc=creatine_ps,ekblom b. creatine,PER
https://www.passeportsante.net/fr/Solutions/PlantesSupplements/Fiche.aspx?doc=creatine_ps,burke lm,PER
https://www.passeportsante.net/fr/Solutions/PlantesSupplements/Fiche.aspx?doc=creatine_ps,pyne db,PER
https://www.passeportsante.net/fr/Solutions/PlantesSupplements/Fiche.aspx?doc=creatine_ps,telford,PER
https://www.passeportsante.net/fr/Solutions/PlantesSupplements/Fiche.aspx?doc=creatine_ps,oral,LOC
https://www.passeportsante.net/fr/Solutions/PlantesSupplements/Fiche.aspx?doc=creatine_ps,med sci sports exerc 1995;27,PER
https://www.passeportsante.net/fr/Solutions/PlantesSupplements/Fiche.aspx?doc=creatine_ps,schuylenbergh r,PER
https://www.passeportsante.net/fr/Solutions/PlantesSupplements/Fiche.aspx?doc=creatine_ps,van leemputte,PER
https://www.passeportsante.net/fr/Solutions/PlantesSupplements/Fiche.aspx?doc=creatine_ps,hespel p.,PER
https://www.passeportsante.net/fr/Solutions/PlantesSupplements/Fiche.aspx?doc=creatine_ps,int j,PER
https://www.passeportsante.net/fr/Solutions/PlantesSupplements/Fiche.aspx?doc=creatine_ps,m.,PER
https://www.passeportsante.net/fr/Solutions/PlantesSupplements/Fiche.aspx?doc=creatine_ps,beltman,PER
https://www.passeportsante.net/fr/Solutions/PlantesSupplements/Fiche.aspx?doc=creatine_ps,j. g.,PER
https://www.passeportsante.net/fr/Solutions/PlantesSupplements/Fiche.aspx?doc=creatine_ps,ruiter,PER
https://www.passeportsante.net/fr/Solutions/PlantesSupplements/Fiche.aspx?doc=creatine_ps,c. j.,PER
https://www.passeportsante.net/fr/Solutions/PlantesSupplements/Fiche.aspx?doc=creatine_ps,koning,PER
https://www.passeportsante.net/fr/Solutions/PlantesSupplements/Fiche.aspx?doc=creatine_ps,"j. j., and de",PER
https://www.passeportsante.net/fr/Solutions/PlantesSupplements/Fiche.aspx?doc=creatine_ps,eur,PER
https://www.passeportsante.net/fr/Solutions/PlantesSupplements/Fiche.aspx?doc=creatine_ps,j appl,PER
https://www.passeportsante.net/fr/Solutions/PlantesSupplements/Fiche.aspx?doc=creatine_ps,bellinger,ORG
https://www.passeportsante.net/fr/Solutions/PlantesSupplements/Fiche.aspx?doc=creatine_ps,b. m.,PER
https://www.passeportsante.net/fr/Solutions/PlantesSupplements/Fiche.aspx?doc=creatine_ps,bold,PER
https://www.passeportsante.net/fr/Solutions/PlantesSupplements/Fiche.aspx?doc=creatine_ps,a.,PER
https://www.passeportsante.net/fr/Solutions/PlantesSupplements/Fiche.aspx?doc=creatine_ps,wilson,PER
https://www.passeportsante.net/fr/Solutions/PlantesSupplements/Fiche.aspx?doc=creatine_ps,g. r.,PER
https://www.passeportsante.net/fr/Solutions/PlantesSupplements/Fiche.aspx?doc=creatine_ps,noakes,PER
https://www.passeportsante.net/fr/Solutions/PlantesSupplements/Fiche.aspx?doc=creatine_ps,t. d.,PER
https://www.passeportsante.net/fr/Solutions/PlantesSupplements/Fiche.aspx?doc=creatine_ps,and myburgh,PER
https://www.passeportsante.net/fr/Solutions/PlantesSupplements/Fiche.aspx?doc=creatine_ps,k. h. oral,PER
https://www.passeportsante.net/fr/Solutions/PlantesSupplements/Fiche.aspx?doc=creatine_ps,finn,PER
https://www.passeportsante.net/fr/Solutions/PlantesSupplements/Fiche.aspx?doc=creatine_ps,j. p.,PER
https://www.passeportsante.net/fr/Solutions/PlantesSupplements/Fiche.aspx?doc=creatine_ps,ebert,PER
https://www.passeportsante.net/fr/Solutions/PlantesSupplements/Fiche.aspx?doc=creatine_ps,t. r.,PER
https://www.passeportsante.net/fr/Solutions/PlantesSupplements/Fiche.aspx?doc=creatine_ps,withers,PER
https://www.passeportsante.net/fr/Solutions/PlantesSupplements/Fiche.aspx?doc=creatine_ps,r. t.,PER
https://www.passeportsante.net/fr/Solutions/PlantesSupplements/Fiche.aspx?doc=creatine_ps,carey,PER
https://www.passeportsante.net/fr/Solutions/PlantesSupplements/Fiche.aspx?doc=creatine_ps,m. f.,PER
https://www.passeportsante.net/fr/Solutions/PlantesSupplements/Fiche.aspx?doc=creatine_ps,mackay,ORG
https://www.passeportsante.net/fr/Solutions/PlantesSupplements/Fiche.aspx?doc=creatine_ps,"j. w., and febbraio",PER
https://www.passeportsante.net/fr/Solutions/PlantesSupplements/Fiche.aspx?doc=creatine_ps,m. a. effect of creatine,PER
https://www.passeportsante.net/fr/Solutions/PlantesSupplements/Fiche.aspx?doc=creatine_ps,d. g.,PER
https://www.passeportsante.net/fr/Solutions/PlantesSupplements/Fiche.aspx?doc=creatine_ps,a. b.,PER
https://www.passeportsante.net/fr/Solutions/PlantesSupplements/Fiche.aspx?doc=creatine_ps,gillies,ORG
https://www.passeportsante.net/fr/Solutions/PlantesSupplements/Fiche.aspx?doc=creatine_ps,e. m.,PER
https://www.passeportsante.net/fr/Solutions/PlantesSupplements/Fiche.aspx?doc=creatine_ps,and bell,ORG
https://www.passeportsante.net/fr/Solutions/PlantesSupplements/Fiche.aspx?doc=creatine_ps,g. j. effects of creatine,PER
https://www.passeportsante.net/fr/Solutions/PlantesSupplements/Fiche.aspx?doc=creatine_ps,view abstract,PER
https://www.passeportsante.net/fr/Solutions/PlantesSupplements/Fiche.aspx?doc=creatine_ps,delecluse,LOC
https://www.passeportsante.net/fr/Solutions/PlantesSupplements/Fiche.aspx?doc=creatine_ps,c.,LOC
https://www.passeportsante.net/fr/Solutions/PlantesSupplements/Fiche.aspx?doc=creatine_ps,diels,ORG
https://www.passeportsante.net/fr/Solutions/PlantesSupplements/Fiche.aspx?doc=creatine_ps,m. effect of creatine supplementation on intermittent sprint running,ORG
https://www.passeportsante.net/fr/Solutions/PlantesSupplements/Fiche.aspx?doc=creatine_ps,strength,LOC
https://www.passeportsante.net/fr/Solutions/PlantesSupplements/Fiche.aspx?doc=creatine_ps,ahmun,PER
https://www.passeportsante.net/fr/Solutions/PlantesSupplements/Fiche.aspx?doc=creatine_ps,r. p.,PER
https://www.passeportsante.net/fr/Solutions/PlantesSupplements/Fiche.aspx?doc=creatine_ps,tong,PER
https://www.passeportsante.net/fr/Solutions/PlantesSupplements/Fiche.aspx?doc=creatine_ps,r. j.,PER
https://www.passeportsante.net/fr/Solutions/PlantesSupplements/Fiche.aspx?doc=creatine_ps,grimshaw,PER
https://www.passeportsante.net/fr/Solutions/PlantesSupplements/Fiche.aspx?doc=creatine_ps,p. n. the effects of,PER
https://www.passeportsante.net/fr/Solutions/PlantesSupplements/Fiche.aspx?doc=creatine_ps,mujika i,PER
https://www.passeportsante.net/fr/Solutions/PlantesSupplements/Fiche.aspx?doc=creatine_ps,chatard j,PER
https://www.passeportsante.net/fr/Solutions/PlantesSupplements/Fiche.aspx?doc=creatine_ps,lacoste l,PER
https://www.passeportsante.net/fr/Solutions/PlantesSupplements/Fiche.aspx?doc=creatine_ps,creatine supplementation does not improve sprint,ORG
https://www.passeportsante.net/fr/Solutions/PlantesSupplements/Fiche.aspx?doc=creatine_ps,mcnaughton lr,PER
https://www.passeportsante.net/fr/Solutions/PlantesSupplements/Fiche.aspx?doc=creatine_ps,dalton b,PER
https://www.passeportsante.net/fr/Solutions/PlantesSupplements/Fiche.aspx?doc=creatine_ps,tarr j. the effects of creatine,PER
https://www.passeportsante.net/fr/Solutions/PlantesSupplements/Fiche.aspx?doc=creatine_ps,eichner er,PER
https://www.passeportsante.net/fr/Solutions/PlantesSupplements/Fiche.aspx?doc=creatine_ps,american college of sports,ORG
https://www.passeportsante.net/fr/Solutions/PlantesSupplements/Fiche.aspx?doc=creatine_ps,ferreira m,PER
https://www.passeportsante.net/fr/Solutions/PlantesSupplements/Fiche.aspx?doc=creatine_ps,wilson m,PER
https://www.passeportsante.net/fr/Solutions/PlantesSupplements/Fiche.aspx?doc=creatine_ps,med sci sports exerc 1998;30:73-82,PER
https://www.passeportsante.net/fr/Solutions/PlantesSupplements/Fiche.aspx?doc=creatine_ps,bemben,PER
https://www.passeportsante.net/fr/Solutions/PlantesSupplements/Fiche.aspx?doc=creatine_ps,m. g.,PER
https://www.passeportsante.net/fr/Solutions/PlantesSupplements/Fiche.aspx?doc=creatine_ps,tuttle,LOC
https://www.passeportsante.net/fr/Solutions/PlantesSupplements/Fiche.aspx?doc=creatine_ps,"d. a., and knehans",PER
https://www.passeportsante.net/fr/Solutions/PlantesSupplements/Fiche.aspx?doc=creatine_ps,a. w. effects of creatine supplementation on isometric force-time curve characteristics,PER
https://www.passeportsante.net/fr/Solutions/PlantesSupplements/Fiche.aspx?doc=creatine_ps,med sci,PER
https://www.passeportsante.net/fr/Solutions/PlantesSupplements/Fiche.aspx?doc=creatine_ps,sports exerc,PER
https://www.passeportsante.net/fr/Solutions/PlantesSupplements/Fiche.aspx?doc=creatine_ps,mercimek-,LOC
https://www.passeportsante.net/fr/Solutions/PlantesSupplements/Fiche.aspx?doc=creatine_ps,s.,PER
https://www.passeportsante.net/fr/Solutions/PlantesSupplements/Fiche.aspx?doc=creatine_ps,stoeckler-ipsiroglu,LOC
https://www.passeportsante.net/fr/Solutions/PlantesSupplements/Fiche.aspx?doc=creatine_ps,gamt,ORG
https://www.passeportsante.net/fr/Solutions/PlantesSupplements/Fiche.aspx?doc=creatine_ps,neurology,PER
https://www.passeportsante.net/fr/Solutions/PlantesSupplements/Fiche.aspx?doc=creatine_ps,rourke,PER
https://www.passeportsante.net/fr/Solutions/PlantesSupplements/Fiche.aspx?doc=creatine_ps,d. j.,PER
https://www.passeportsante.net/fr/Solutions/PlantesSupplements/Fiche.aspx?doc=creatine_ps,ryan,PER
https://www.passeportsante.net/fr/Solutions/PlantesSupplements/Fiche.aspx?doc=creatine_ps,jakobs,PER
https://www.passeportsante.net/fr/Solutions/PlantesSupplements/Fiche.aspx?doc=creatine_ps,monavari,PER
https://www.passeportsante.net/fr/Solutions/PlantesSupplements/Fiche.aspx?doc=creatine_ps,m. d. guanidinoacetate,PER
https://www.passeportsante.net/fr/Solutions/PlantesSupplements/Fiche.aspx?doc=creatine_ps,dev,LOC
https://www.passeportsante.net/fr/Solutions/PlantesSupplements/Fiche.aspx?doc=creatine_ps,child neurol,PER
https://www.passeportsante.net/fr/Solutions/PlantesSupplements/Fiche.aspx?doc=creatine_ps,hanefeld,PER
https://www.passeportsante.net/fr/Solutions/PlantesSupplements/Fiche.aspx?doc=creatine_ps,j. creatine,PER
https://www.passeportsante.net/fr/Solutions/PlantesSupplements/Fiche.aspx?doc=creatine_ps,groeneveld gj,PER
https://www.passeportsante.net/fr/Solutions/PlantesSupplements/Fiche.aspx?doc=creatine_ps,veldink jh,ORG
https://www.passeportsante.net/fr/Solutions/PlantesSupplements/Fiche.aspx?doc=creatine_ps,ann neurol 2003;53:437-45,PER
https://www.passeportsante.net/fr/Solutions/PlantesSupplements/Fiche.aspx?doc=creatine_ps,cudkowicz me,PER
https://www.passeportsante.net/fr/Solutions/PlantesSupplements/Fiche.aspx?doc=creatine_ps,mazzini,PER
https://www.passeportsante.net/fr/Solutions/PlantesSupplements/Fiche.aspx?doc=creatine_ps,l.,PER
https://www.passeportsante.net/fr/Solutions/PlantesSupplements/Fiche.aspx?doc=creatine_ps,balzarini,PER
https://www.passeportsante.net/fr/Solutions/PlantesSupplements/Fiche.aspx?doc=creatine_ps,preliminary results,PER
https://www.passeportsante.net/fr/Solutions/PlantesSupplements/Fiche.aspx?doc=creatine_ps,j neurol,PER
https://www.passeportsante.net/fr/Solutions/PlantesSupplements/Fiche.aspx?doc=creatine_ps,sci,LOC
https://www.passeportsante.net/fr/Solutions/PlantesSupplements/Fiche.aspx?doc=creatine_ps,v. e. and gross,PER
https://www.passeportsante.net/fr/Solutions/PlantesSupplements/Fiche.aspx?doc=creatine_ps,d. no,PER
https://www.passeportsante.net/fr/Solutions/PlantesSupplements/Fiche.aspx?doc=creatine_ps,amyotroph,ORG
https://www.passeportsante.net/fr/Solutions/PlantesSupplements/Fiche.aspx?doc=creatine_ps,lateral,ORG
https://www.passeportsante.net/fr/Solutions/PlantesSupplements/Fiche.aspx?doc=creatine_ps,scler,PER
https://www.passeportsante.net/fr/Solutions/PlantesSupplements/Fiche.aspx?doc=creatine_ps,other motor,PER
https://www.passeportsante.net/fr/Solutions/PlantesSupplements/Fiche.aspx?doc=creatine_ps,rosenfeld,PER
https://www.passeportsante.net/fr/Solutions/PlantesSupplements/Fiche.aspx?doc=creatine_ps,j.,PER
https://www.passeportsante.net/fr/Solutions/PlantesSupplements/Fiche.aspx?doc=creatine_ps,king,PER
https://www.passeportsante.net/fr/Solutions/PlantesSupplements/Fiche.aspx?doc=creatine_ps,r. m.,PER
https://www.passeportsante.net/fr/Solutions/PlantesSupplements/Fiche.aspx?doc=creatine_ps,tabrizi,LOC
https://www.passeportsante.net/fr/Solutions/PlantesSupplements/Fiche.aspx?doc=creatine_ps,s. j.,PER
https://www.passeportsante.net/fr/Solutions/PlantesSupplements/Fiche.aspx?doc=creatine_ps,blamire,PER
https://www.passeportsante.net/fr/Solutions/PlantesSupplements/Fiche.aspx?doc=creatine_ps,a. m.,PER
https://www.passeportsante.net/fr/Solutions/PlantesSupplements/Fiche.aspx?doc=creatine_ps,manners,ORG
https://www.passeportsante.net/fr/Solutions/PlantesSupplements/Fiche.aspx?doc=creatine_ps,d. n.,PER
https://www.passeportsante.net/fr/Solutions/PlantesSupplements/Fiche.aspx?doc=creatine_ps,rajagopalan,PER
https://www.passeportsante.net/fr/Solutions/PlantesSupplements/Fiche.aspx?doc=creatine_ps,b.,LOC
https://www.passeportsante.net/fr/Solutions/PlantesSupplements/Fiche.aspx?doc=creatine_ps,styles,LOC
https://www.passeportsante.net/fr/Solutions/PlantesSupplements/Fiche.aspx?doc=creatine_ps,p.,LOC
https://www.passeportsante.net/fr/Solutions/PlantesSupplements/Fiche.aspx?doc=creatine_ps,schapira,PER
https://www.passeportsante.net/fr/Solutions/PlantesSupplements/Fiche.aspx?doc=creatine_ps,a. h.,PER
https://www.passeportsante.net/fr/Solutions/PlantesSupplements/Fiche.aspx?doc=creatine_ps,t. t. creatine,PER
https://www.passeportsante.net/fr/Solutions/PlantesSupplements/Fiche.aspx?doc=creatine_ps,clinical and mrs,ORG
https://www.passeportsante.net/fr/Solutions/PlantesSupplements/Fiche.aspx?doc=creatine_ps,verbessem,PER
https://www.passeportsante.net/fr/Solutions/PlantesSupplements/Fiche.aspx?doc=creatine_ps,lemiere,PER
https://www.passeportsante.net/fr/Solutions/PlantesSupplements/Fiche.aspx?doc=creatine_ps,eijnde,PER
https://www.passeportsante.net/fr/Solutions/PlantesSupplements/Fiche.aspx?doc=creatine_ps,b. o.,PER
https://www.passeportsante.net/fr/Solutions/PlantesSupplements/Fiche.aspx?doc=creatine_ps,swinnen,PER
https://www.passeportsante.net/fr/Solutions/PlantesSupplements/Fiche.aspx?doc=creatine_ps,vanhees,LOC
https://www.passeportsante.net/fr/Solutions/PlantesSupplements/Fiche.aspx?doc=creatine_ps,hespel,LOC
https://www.passeportsante.net/fr/Solutions/PlantesSupplements/Fiche.aspx?doc=creatine_ps,r. creatine,PER
https://www.passeportsante.net/fr/Solutions/PlantesSupplements/Fiche.aspx?doc=creatine_ps,doherty,LOC
https://www.passeportsante.net/fr/Solutions/PlantesSupplements/Fiche.aspx?doc=creatine_ps,t. j.,PER
https://www.passeportsante.net/fr/Solutions/PlantesSupplements/Fiche.aspx?doc=creatine_ps,lougheed,PER
https://www.passeportsante.net/fr/Solutions/PlantesSupplements/Fiche.aspx?doc=creatine_ps,k.,LOC
https://www.passeportsante.net/fr/Solutions/PlantesSupplements/Fiche.aspx?doc=creatine_ps,markez,PER
https://www.passeportsante.net/fr/Solutions/PlantesSupplements/Fiche.aspx?doc=creatine_ps,m. a. creatine,PER
https://www.passeportsante.net/fr/Solutions/PlantesSupplements/Fiche.aspx?doc=creatine_ps,does not increase,PER
https://www.passeportsante.net/fr/Solutions/PlantesSupplements/Fiche.aspx?doc=creatine_ps,hereditary neuropathy,PER
https://www.passeportsante.net/fr/Solutions/PlantesSupplements/Fiche.aspx?doc=creatine_ps,r. d.,PER
https://www.passeportsante.net/fr/Solutions/PlantesSupplements/Fiche.aspx?doc=creatine_ps,gutmann,PER
https://www.passeportsante.net/fr/Solutions/PlantesSupplements/Fiche.aspx?doc=creatine_ps,tarnopolsky,PER
https://www.passeportsante.net/fr/Solutions/PlantesSupplements/Fiche.aspx?doc=creatine_ps,m. a.,PER
https://www.passeportsante.net/fr/Solutions/PlantesSupplements/Fiche.aspx?doc=creatine_ps,ullrich,PER
https://www.passeportsante.net/fr/Solutions/PlantesSupplements/Fiche.aspx?doc=creatine_ps,i. h.,PER
https://www.passeportsante.net/fr/Solutions/PlantesSupplements/Fiche.aspx?doc=creatine_ps,r. a.,PER
https://www.passeportsante.net/fr/Solutions/PlantesSupplements/Fiche.aspx?doc=creatine_ps,charcot-marie-tooth,PER
https://www.passeportsante.net/fr/Solutions/PlantesSupplements/Fiche.aspx?doc=creatine_ps,muscle nerve,PER
https://www.passeportsante.net/fr/Solutions/PlantesSupplements/Fiche.aspx?doc=creatine_ps,smith,PER
https://www.passeportsante.net/fr/Solutions/PlantesSupplements/Fiche.aspx?doc=creatine_ps,c. a.,PER
https://www.passeportsante.net/fr/Solutions/PlantesSupplements/Fiche.aspx?doc=creatine_ps,chetlin,PER
https://www.passeportsante.net/fr/Solutions/PlantesSupplements/Fiche.aspx?doc=creatine_ps,yeater,PER
https://www.passeportsante.net/fr/Solutions/PlantesSupplements/Fiche.aspx?doc=creatine_ps,"r. a., and alway",PER
https://www.passeportsante.net/fr/Solutions/PlantesSupplements/Fiche.aspx?doc=creatine_ps,s. e. effects of exercise and creatine on myosin heavy chain,PER
https://www.passeportsante.net/fr/Solutions/PlantesSupplements/Fiche.aspx?doc=creatine_ps,jonghe p.,PER
https://www.passeportsante.net/fr/Solutions/PlantesSupplements/Fiche.aspx?doc=creatine_ps,stogbauer,PER
https://www.passeportsante.net/fr/Solutions/PlantesSupplements/Fiche.aspx?doc=creatine_ps,t. treatment for charcot-marie-tooth,LOC
https://www.passeportsante.net/fr/Solutions/PlantesSupplements/Fiche.aspx?doc=creatine_ps,cochrane,PER
https://www.passeportsante.net/fr/Solutions/PlantesSupplements/Fiche.aspx?doc=creatine_ps,database,LOC
https://www.passeportsante.net/fr/Solutions/PlantesSupplements/Fiche.aspx?doc=creatine_ps,syst,PER
https://www.passeportsante.net/fr/Solutions/PlantesSupplements/Fiche.aspx?doc=creatine_ps,rev,PER
https://www.passeportsante.net/fr/Solutions/PlantesSupplements/Fiche.aspx?doc=creatine_ps,r. b.,PER
https://www.passeportsante.net/fr/Solutions/PlantesSupplements/Fiche.aspx?doc=creatine_ps,melton,PER
https://www.passeportsante.net/fr/Solutions/PlantesSupplements/Fiche.aspx?doc=creatine_ps,rasmussen,PER
https://www.passeportsante.net/fr/Solutions/PlantesSupplements/Fiche.aspx?doc=creatine_ps,greenwood,PER
https://www.passeportsante.net/fr/Solutions/PlantesSupplements/Fiche.aspx?doc=creatine_ps,lancaster,LOC
https://www.passeportsante.net/fr/Solutions/PlantesSupplements/Fiche.aspx?doc=creatine_ps,cantler,PER
https://www.passeportsante.net/fr/Solutions/PlantesSupplements/Fiche.aspx?doc=creatine_ps,e. c.,PER
https://www.passeportsante.net/fr/Solutions/PlantesSupplements/Fiche.aspx?doc=creatine_ps,milnor,PER
https://www.passeportsante.net/fr/Solutions/PlantesSupplements/Fiche.aspx?doc=creatine_ps,a. l. long-term creatine supplementation does not significantly,PER
https://www.passeportsante.net/fr/Solutions/PlantesSupplements/Fiche.aspx?doc=creatine_ps,cell biochem,PER
https://www.passeportsante.net/fr/Solutions/PlantesSupplements/Fiche.aspx?doc=creatine_ps,pastula,PER
https://www.passeportsante.net/fr/Solutions/PlantesSupplements/Fiche.aspx?doc=creatine_ps,d. m.,PER
https://www.passeportsante.net/fr/Solutions/PlantesSupplements/Fiche.aspx?doc=creatine_ps,moore,PER
https://www.passeportsante.net/fr/Solutions/PlantesSupplements/Fiche.aspx?doc=creatine_ps,d. h.,PER
https://www.passeportsante.net/fr/Solutions/PlantesSupplements/Fiche.aspx?doc=creatine_ps,bedlack,PER
https://www.passeportsante.net/fr/Solutions/PlantesSupplements/Fiche.aspx?doc=creatine_ps,r. s. creatine,PER
https://www.passeportsante.net/fr/Solutions/PlantesSupplements/Fiche.aspx?doc=creatine_ps,alexanderson h,PER
https://www.passeportsante.net/fr/Solutions/PlantesSupplements/Fiche.aspx?doc=creatine_ps,arthritis rheum,PER
https://www.passeportsante.net/fr/Solutions/PlantesSupplements/Fiche.aspx?doc=creatine_ps,querner,ORG
https://www.passeportsante.net/fr/Solutions/PlantesSupplements/Fiche.aspx?doc=creatine_ps,kornblum,PER
https://www.passeportsante.net/fr/Solutions/PlantesSupplements/Fiche.aspx?doc=creatine_ps,schroder,PER
https://www.passeportsante.net/fr/Solutions/PlantesSupplements/Fiche.aspx?doc=creatine_ps,energy,PER
https://www.passeportsante.net/fr/Solutions/PlantesSupplements/Fiche.aspx?doc=creatine_ps,dna,ORG
https://www.passeportsante.net/fr/Solutions/PlantesSupplements/Fiche.aspx?doc=creatine_ps,31p-mrs,LOC
https://www.passeportsante.net/fr/Solutions/PlantesSupplements/Fiche.aspx?doc=creatine_ps,eur j neurol,PER
https://www.passeportsante.net/fr/Solutions/PlantesSupplements/Fiche.aspx?doc=creatine_ps,walter mc,PER
https://www.passeportsante.net/fr/Solutions/PlantesSupplements/Fiche.aspx?doc=creatine_ps,lochmuller h,PER
https://www.passeportsante.net/fr/Solutions/PlantesSupplements/Fiche.aspx?doc=creatine_ps,louis,PER
https://www.passeportsante.net/fr/Solutions/PlantesSupplements/Fiche.aspx?doc=creatine_ps,lebacq,PER
https://www.passeportsante.net/fr/Solutions/PlantesSupplements/Fiche.aspx?doc=creatine_ps,beneficial effects of creatine supplementation in dystrophic patients,ORG
https://www.passeportsante.net/fr/Solutions/PlantesSupplements/Fiche.aspx?doc=creatine_ps,mahoney,PER
https://www.passeportsante.net/fr/Solutions/PlantesSupplements/Fiche.aspx?doc=creatine_ps,banerjee,PER
https://www.passeportsante.net/fr/Solutions/PlantesSupplements/Fiche.aspx?doc=creatine_ps,sharma,LOC
https://www.passeportsante.net/fr/Solutions/PlantesSupplements/Fiche.aspx?doc=creatine_ps,effect of creatine,ORG
https://www.passeportsante.net/fr/Solutions/PlantesSupplements/Fiche.aspx?doc=creatine_ps,magn reson,PER
https://www.passeportsante.net/fr/Solutions/PlantesSupplements/Fiche.aspx?doc=creatine_ps,imaging,PER
https://www.passeportsante.net/fr/Solutions/PlantesSupplements/Fiche.aspx?doc=creatine_ps,d.,PER
https://www.passeportsante.net/fr/Solutions/PlantesSupplements/Fiche.aspx?doc=creatine_ps,lean body mass,PER
https://www.passeportsante.net/fr/Solutions/PlantesSupplements/Fiche.aspx?doc=creatine_ps,escolar,PER
https://www.passeportsante.net/fr/Solutions/PlantesSupplements/Fiche.aspx?doc=creatine_ps,buyse,PER
https://www.passeportsante.net/fr/Solutions/PlantesSupplements/Fiche.aspx?doc=creatine_ps,g.,PER
https://www.passeportsante.net/fr/Solutions/PlantesSupplements/Fiche.aspx?doc=creatine_ps,ann neurol,PER
https://www.passeportsante.net/fr/Solutions/PlantesSupplements/Fiche.aspx?doc=creatine_ps,neuropharmacol,PER
https://www.passeportsante.net/fr/Solutions/PlantesSupplements/Fiche.aspx?doc=creatine_ps,rocic,ORG
https://www.passeportsante.net/fr/Solutions/PlantesSupplements/Fiche.aspx?doc=creatine_ps,bajuk,PER
https://www.passeportsante.net/fr/Solutions/PlantesSupplements/Fiche.aspx?doc=creatine_ps,n. b.,PER
https://www.passeportsante.net/fr/Solutions/PlantesSupplements/Fiche.aspx?doc=creatine_ps,weber,PER
https://www.passeportsante.net/fr/Solutions/PlantesSupplements/Fiche.aspx?doc=creatine_ps,d. s.,PER
https://www.passeportsante.net/fr/Solutions/PlantesSupplements/Fiche.aspx?doc=creatine_ps,boras,PER
https://www.passeportsante.net/fr/Solutions/PlantesSupplements/Fiche.aspx?doc=creatine_ps,"j., and lovrencic",ORG
https://www.passeportsante.net/fr/Solutions/PlantesSupplements/Fiche.aspx?doc=creatine_ps,m. v. comparison of,PER
https://www.passeportsante.net/fr/Solutions/PlantesSupplements/Fiche.aspx?doc=creatine_ps,invest med,PER
https://www.passeportsante.net/fr/Solutions/PlantesSupplements/Fiche.aspx?doc=creatine_ps,znaor,PER
https://www.passeportsante.net/fr/Solutions/PlantesSupplements/Fiche.aspx?doc=creatine_ps,lovrencic m. comparison of,PER
https://www.passeportsante.net/fr/Solutions/PlantesSupplements/Fiche.aspx?doc=creatine_ps,wien,PER
https://www.passeportsante.net/fr/Solutions/PlantesSupplements/Fiche.aspx?doc=creatine_ps,med,LOC
https://www.passeportsante.net/fr/Solutions/PlantesSupplements/Fiche.aspx?doc=creatine_ps,wochenschr,LOC
https://www.passeportsante.net/fr/Solutions/PlantesSupplements/Fiche.aspx?doc=creatine_ps,vincent,PER
https://www.passeportsante.net/fr/Solutions/PlantesSupplements/Fiche.aspx?doc=creatine_ps,e. e.,PER
https://www.passeportsante.net/fr/Solutions/PlantesSupplements/Fiche.aspx?doc=creatine_ps,greenhaff,PER
https://www.passeportsante.net/fr/Solutions/PlantesSupplements/Fiche.aspx?doc=creatine_ps,p. l.,PER
https://www.passeportsante.net/fr/Solutions/PlantesSupplements/Fiche.aspx?doc=creatine_ps,fox,PER
https://www.passeportsante.net/fr/Solutions/PlantesSupplements/Fiche.aspx?doc=creatine_ps,steiner,PER
https://www.passeportsante.net/fr/Solutions/PlantesSupplements/Fiche.aspx?doc=creatine_ps,singh,PER
https://www.passeportsante.net/fr/Solutions/PlantesSupplements/Fiche.aspx?doc=creatine_ps,m. d. randomized,PER
https://www.passeportsante.net/fr/Solutions/PlantesSupplements/Fiche.aspx?doc=creatine_ps,faager,PER
https://www.passeportsante.net/fr/Solutions/PlantesSupplements/Fiche.aspx?doc=creatine_ps,soderlund,PER
https://www.passeportsante.net/fr/Solutions/PlantesSupplements/Fiche.aspx?doc=creatine_ps,skold,PER
https://www.passeportsante.net/fr/Solutions/PlantesSupplements/Fiche.aspx?doc=creatine_ps,c. m.,PER
https://www.passeportsante.net/fr/Solutions/PlantesSupplements/Fiche.aspx?doc=creatine_ps,rundgren,PER
https://www.passeportsante.net/fr/Solutions/PlantesSupplements/Fiche.aspx?doc=creatine_ps,tollback,PER
https://www.passeportsante.net/fr/Solutions/PlantesSupplements/Fiche.aspx?doc=creatine_ps,p. creatine supplementation and physical training in patients with,ORG
https://www.passeportsante.net/fr/Solutions/PlantesSupplements/Fiche.aspx?doc=creatine_ps,int j chron,PER
https://www.passeportsante.net/fr/Solutions/PlantesSupplements/Fiche.aspx?doc=creatine_ps,obstruct,LOC
https://www.passeportsante.net/fr/Solutions/PlantesSupplements/Fiche.aspx?doc=creatine_ps,sakellaris,LOC
https://www.passeportsante.net/fr/Solutions/PlantesSupplements/Fiche.aspx?doc=creatine_ps,nasis,PER
https://www.passeportsante.net/fr/Solutions/PlantesSupplements/Fiche.aspx?doc=creatine_ps,kotsiou,PER
https://www.passeportsante.net/fr/Solutions/PlantesSupplements/Fiche.aspx?doc=creatine_ps,tamiolaki,LOC
https://www.passeportsante.net/fr/Solutions/PlantesSupplements/Fiche.aspx?doc=creatine_ps,charissis,LOC
https://www.passeportsante.net/fr/Solutions/PlantesSupplements/Fiche.aspx?doc=creatine_ps,acta paediatr,PER
https://www.passeportsante.net/fr/Solutions/PlantesSupplements/Fiche.aspx?doc=creatine_ps,abonnez,PER
https://www.passeportsante.net/fr/Solutions/PlantesSupplements/Fiche.aspx?doc=creatine_ps,recevez,PER
https://www.passeportsante.net/fr/Solutions/PlantesSupplements/Fiche.aspx?doc=creatine_ps,votre,PER
https://www.passeportsante.net/fr/Solutions/PlantesSupplements/Fiche.aspx?doc=creatine_ps,digital,ORG
https://www.passeportsante.net/fr/Solutions/PlantesSupplements/Fiche.aspx?doc=creatine_ps,prisma players,PER
https://www.nationalgeographic.fr/sciences/2025/02/sante-performance-anxiete-sommeil-la-creatine-un-complement-alimentaire-bon-pour-les-muscles-et-pour-le-cerveau,prisée,LOC
https://www.nationalgeographic.fr/sciences/2025/02/sante-performance-anxiete-sommeil-la-creatine-un-complement-alimentaire-bon-pour-les-muscles-et-pour-le-cerveau,abbie e. smith-ryan,PER
https://www.nationalgeographic.fr/sciences/2025/02/sante-performance-anxiete-sommeil-la-creatine-un-complement-alimentaire-bon-pour-les-muscles-et-pour-le-cerveau,chapel hill,LOC
https://www.nationalgeographic.fr/sciences/2025/02/sante-performance-anxiete-sommeil-la-creatine-un-complement-alimentaire-bon-pour-les-muscles-et-pour-le-cerveau,n’,PER
https://www.nationalgeographic.fr/sciences/2025/02/sante-performance-anxiete-sommeil-la-creatine-un-complement-alimentaire-bon-pour-les-muscles-et-pour-le-cerveau,créatine,ORG
https://www.nationalgeographic.fr/sciences/2025/02/sante-performance-anxiete-sommeil-la-creatine-un-complement-alimentaire-bon-pour-les-muscles-et-pour-le-cerveau,smith-ryan,LOC
https://www.nationalgeographic.fr/sciences/2025/02/sante-performance-anxiete-sommeil-la-creatine-un-complement-alimentaire-bon-pour-les-muscles-et-pour-le-cerveau,qu’,ORG
https://www.nationalgeographic.fr/sciences/2025/02/sante-performance-anxiete-sommeil-la-creatine-un-complement-alimentaire-bon-pour-les-muscles-et-pour-le-cerveau,atp,ORG
https://www.nationalgeographic.fr/sciences/2025/02/sante-performance-anxiete-sommeil-la-creatine-un-complement-alimentaire-bon-pour-les-muscles-et-pour-le-cerveau,d’énergie des cellules,ORG
https://www.nationalgeographic.fr/sciences/2025/02/sante-performance-anxiete-sommeil-la-creatine-un-complement-alimentaire-bon-pour-les-muscles-et-pour-le-cerveau,scott forbes,PER
https://www.nationalgeographic.fr/sciences/2025/02/sante-performance-anxiete-sommeil-la-creatine-un-complement-alimentaire-bon-pour-les-muscles-et-pour-le-cerveau,université de brandon,ORG
https://www.nationalgeographic.fr/sciences/2025/02/sante-performance-anxiete-sommeil-la-creatine-un-complement-alimentaire-bon-pour-les-muscles-et-pour-le-cerveau,manitoba,LOC
https://www.nationalgeographic.fr/sciences/2025/02/sante-performance-anxiete-sommeil-la-creatine-un-complement-alimentaire-bon-pour-les-muscles-et-pour-le-cerveau,canada,LOC
https://www.nationalgeographic.fr/sciences/2025/02/sante-performance-anxiete-sommeil-la-creatine-un-complement-alimentaire-bon-pour-les-muscles-et-pour-le-cerveau,forbes,PER
https://www.nationalgeographic.fr/sciences/2025/02/sante-performance-anxiete-sommeil-la-creatine-un-complement-alimentaire-bon-pour-les-muscles-et-pour-le-cerveau,scientific reports,PER
https://www.nationalgeographic.fr/sciences/2025/02/sante-performance-anxiete-sommeil-la-creatine-un-complement-alimentaire-bon-pour-les-muscles-et-pour-le-cerveau,nutrients,PER
https://www.nationalgeographic.fr/sciences/2025/02/sante-performance-anxiete-sommeil-la-creatine-un-complement-alimentaire-bon-pour-les-muscles-et-pour-le-cerveau,vous supplémenter,ORG
https://www.nationalgeographic.fr/sciences/2025/02/sante-performance-anxiete-sommeil-la-creatine-un-complement-alimentaire-bon-pour-les-muscles-et-pour-le-cerveau,créatine n’,LOC
